category,scope,concession,unit,conditions,source,source_page
Senior Citizen,Intrastate,50,percent,Valid Social Welfare Department ID required,Official KTCL Citizen Charter 2026,page 22
Student,Intrastate,50,percent,Valid school/college/institute ID required,Official KTCL Citizen Charter 2026,page 22
Blind Person,Intrastate,100,percent,Valid Social Welfare Department ID required,Official KTCL Citizen Charter 2026,page 22
Person with Disability (PwD),Within Goa,100,percent,As stated in charter,Official KTCL Citizen Charter 2026,page 22
AIDS Patient,Within Goa,100,percent,As stated in charter,Official KTCL Citizen Charter 2026,page 22
MLA,Intrastate/Interstate,100,percent,Legislature Department identity card required,Official KTCL Citizen Charter 2026,page 22
Freedom Fighter,Intrastate/Interstate,100,percent,Home Department identity card required,Official KTCL Citizen Charter 2026,page 22
Weekly Pass - Student/Senior Citizen,Specified route,60,percent,Pass concession,Official KTCL Citizen Charter 2026,page 20
Weekly Pass - General,Specified route,20,percent,Pass concession,Official KTCL Citizen Charter 2026,page 20
Fortnightly Pass - Student/Senior Citizen,Specified route,65,percent,Pass concession,Official KTCL Citizen Charter 2026,page 20
Fortnightly Pass - General,Specified route,30,percent,Pass concession,Official KTCL Citizen Charter 2026,page 20
Monthly Pass - Student/Senior Citizen,Specified route,70,percent,Pass concession,Official KTCL Citizen Charter 2026,page 20
Monthly Pass - General,Specified route,40,percent,Pass concession,Official KTCL Citizen Charter 2026,page 20
Half Yearly/Yearly Pass - Student/Senior Citizen,Specified route,70,percent,Pass concession,Official KTCL Citizen Charter 2026,page 20
Half Yearly/Yearly Pass - General,Specified route,40,percent,Pass concession,Official KTCL Citizen Charter 2026,page 20
